Library,Throughput (MB/s),RSE (%),Time (ms),Bytes Processed,Measured Sample Size,Variance,Mean,Position
vn::to_chars,3431.99,0.942855,5.66204ms,94821,30,1.85153e+06,26348.7,Win
std::to_chars,1970.29,0.624266,8.30325ms,94821,30,2.46268e+06,45895.9,Loss
jeaiii::to_text,1864.77,0.812451,9.42233ms,94821,30,4.65666e+06,48493,Loss
fmt::format_to,1605.55,0.515031,10.2522ms,94821,30,2.52435e+06,56322.4,Loss
