Library,Throughput (MB/s),RSE (%),Time (ms),Bytes Processed,Measured Sample Size,Variance,Mean,Position
vn::to_chars,4664.57,0.213096,73.6899ms,1987989,30,2.25049e+07,406446,Win
jeaiii::to_text,3089.77,0.754664,110.55ms,1987989,30,6.43288e+08,613604,Loss
std::to_chars,2910.06,0.36475,118.364ms,1987989,30,1.69409e+08,651496,Loss
fmt::format_to,1995.79,0.149956,171.518ms,1987989,30,6.08764e+07,949949,Loss
