Library,Throughput (MB/s),RSE (%),Time (ms),Bytes Processed,Measured Sample Size,Variance,Mean,Position
vn::to_chars,4855.56,0.199987,69.5323ms,1887912,30,1.64973e+07,370803,Win
jeaiii::to_text,2961.7,0.253047,109.222ms,1887912,30,7.09909e+07,607911,Loss
std::to_chars,2833.23,0.138196,110.069ms,1887912,30,2.31372e+07,635476,Loss
fmt::format_to,1834.85,0.167239,176.712ms,1887912,30,8.07903e+07,981254,Loss
