Library,Throughput (MB/s),RSE (%),Time (ms),Bytes Processed,Measured Sample Size,Variance,Mean,Position
vn::to_chars,1277.32,0.196214,4.78971ms,25645,30,42343.5,19147.1,Win
jeaiii::to_text,1233.73,0.346602,4.77571ms,25645,30,141629,19823.7,Loss
fmt::format_to,928.209,0.338889,4.80633ms,25645,30,239193,26348.6,Loss
std::to_chars,604.768,0.757426,7.44446ms,25645,30,2.81468e+06,40440.3,Loss
