Library,Throughput (MB/s),RSE (%),Time (ms),Bytes Processed,Measured Sample Size,Variance,Mean,Position
jeaiii::to_text,615.142,0.54844,70.522ms,256824,30,1.43054e+08,398162,Win
vn::to_chars,588.695,0.430625,76.9709ms,256824,30,9.62963e+07,416050,Loss
std::to_chars,582.698,0.260742,76.2361ms,256824,30,3.60352e+07,420332,Loss
fmt::format_to,518.471,2.01773,81.8012ms,256824,30,2.72565e+09,472401,Loss
