Library,Throughput (MB/s),RSE (%),Time (ms),Bytes Processed,Measured Sample Size,Variance,Mean,Position
vn::to_chars,1773.37,0.495168,47.3733ms,482891,30,4.96053e+07,259687,Win
std::to_chars,1685.14,0.139607,49.3675ms,482891,30,4.3668e+06,273283,Loss
jeaiii::to_text,1597.52,0.231372,52.4656ms,482891,30,1.33459e+07,288272,Loss
fmt::format_to,1421.34,0.571754,59.2297ms,482891,30,1.02954e+08,324006,Loss
