Library,Throughput (MB/s),RSE (%),Time (ms),Bytes Processed,Measured Sample Size,Variance,Mean,Position
jeaiii::to_text,2521.92,0.0351167,3.37267ms,48272,30,1232.75,18254.3,Tie
vn::to_chars,2468.76,1.066,3.36854ms,48272,30,1.18541e+06,18647.3,Tie
fmt::format_to,1786.45,0.930159,5.67229ms,48272,30,1.72364e+06,25769.5,Loss
std::to_chars,1598,0.802325,5.31571ms,48272,30,1.60272e+06,28808.3,Loss
