Library,Throughput (MB/s),RSE (%),Time (ms),Bytes Processed,Measured Sample Size,Variance,Mean,Position
vn::to_chars,1112.34,1.00805,87.2471ms,566002,30,7.17872e+08,485267,Win
jeaiii::to_text,1031.3,0.979948,96.039ms,566002,30,7.89204e+08,523397,Loss
fmt::format_to,764.859,1.02776,302.395ms,566002,30,1.57826e+09,705727,Loss
std::to_chars,407.057,2.06745,223.853ms,566002,30,2.25484e+10,1.32606e+06,Loss
