Library,Throughput (MB/s),RSE (%),Time (ms),Bytes Processed,Measured Sample Size,Variance,Mean,Position
vn::to_chars,1056.48,0.304806,17.0264ms,99765,30,2.26047e+06,90056.7,Win
jeaiii::to_text,961.983,0.142123,17.6559ms,99765,30,592747,98903.3,Loss
fmt::format_to,746.027,1.5292,54.4899ms,99765,30,1.14104e+08,127533,Loss
std::to_chars,436.938,1.09835,97.7515ms,99765,30,1.71602e+08,217750,Loss
