Library,Throughput (MB/s),RSE (%),Time (ms),Bytes Processed,Measured Sample Size,Variance,Mean,Position
vn::to_chars,1219.69,0.844433,674.472ms,948610,48,1.883e+09,741719,Win
jeaiii::to_text,1180.15,0.938506,138.817ms,948610,30,1.55274e+09,766570,Loss
fmt::format_to,879.3,1.20511,190.077ms,948610,30,4.61189e+09,1.02885e+06,Loss
std::to_chars,446.714,2.32213,375.279ms,948610,30,6.63454e+10,2.02515e+06,Loss
