Library,Throughput (MB/s),RSE (%),Time (ms),Bytes Processed,Measured Sample Size,Variance,Mean,Position
vn::to_chars,1370.77,0.864708,131.91ms,1048286,30,1.19313e+09,729313,Tie
jeaiii::to_text,1344.82,0.632757,139.897ms,1048286,30,6.63781e+08,743387,Tie
fmt::format_to,952.607,1.58932,188.505ms,1048286,30,8.34598e+09,1.04946e+06,Loss
std::to_chars,505.671,0.954448,356.634ms,1048286,30,1.06819e+10,1.97702e+06,Loss
