Library,Throughput (MB/s),RSE (%),Time (ms),Bytes Processed,Measured Sample Size,Variance,Mean,Position
vn::to_chars,1426.6,0.208402,28.376ms,94845,30,523782,63403.3,Win
jeaiii::to_text,1380.44,0.474715,12.6502ms,94845,30,2.90254e+06,65523.3,Loss
fmt::format_to,969.051,0.543733,17.5365ms,94845,30,7.72731e+06,93340,Loss
std::to_chars,488.952,1.38878,33.6899ms,94845,30,1.98008e+08,184990,Loss
