Library,Throughput (MB/s),RSE (%),Time (ms),Bytes Processed,Measured Sample Size,Variance,Mean,Position
vn::to_chars,530.889,0.306315,9.4896ms,26457,30,635816,47526.7,Win
jeaiii::to_text,471.644,0.100397,10.373ms,26457,30,86540.2,53496.7,Loss
fmt::format_to,353.067,0.273147,13.1735ms,26457,30,1.14309e+06,71463.3,Loss
std::to_chars,217.106,1.09363,21.1504ms,26457,30,4.84614e+07,116217,Loss
