Library,Throughput (MB/s),RSE (%),Time (ms),Bytes Processed,Measured Sample Size,Variance,Mean,Position
vn::to_chars,762.249,0.763098,75.3991ms,314350,30,2.70219e+08,393293,Win
jeaiii::to_text,746.917,0.471294,75.2049ms,314350,30,1.07346e+08,401367,Loss
fmt::format_to,527.6,2.17656,102.165ms,314350,30,4.58858e+09,568210,Loss
std::to_chars,339.314,0.591788,406.971ms,314350,30,8.20117e+08,883510,Loss
