Library,Throughput (MB/s),RSE (%),Time (ms),Bytes Processed,Measured Sample Size,Variance,Mean,Position
vn::to_chars,2153.51,0.343195,8.0663ms,97385,30,657195,43126.7,Win
jeaiii::to_text,1843.71,0.32108,9.4799ms,97385,30,784782,50373.3,Loss
fmt::format_to,1264.45,1.85484,30.6201ms,97385,30,5.56826e+07,73450,Loss
std::to_chars,591.652,0.457389,29.2972ms,97385,30,1.54648e+07,156973,Loss
