Library,Throughput (MB/s),RSE (%),Time (ms),Bytes Processed,Measured Sample Size,Variance,Mean,Position
vn::to_chars,1925.72,0.395157,88.6129ms,974149,30,1.09024e+08,482427,Win
jeaiii::to_text,1717.83,0.557406,98.6164ms,974149,30,2.72617e+08,540810,Loss
fmt::format_to,1222.15,2.42666,138.991ms,974149,30,1.0208e+10,760153,Loss
std::to_chars,564.021,1.89387,287.586ms,974149,30,2.91932e+10,1.64714e+06,Loss
