Library,Throughput (MB/s),RSE (%),Time (ms),Bytes Processed,Measured Sample Size,Variance,Mean,Position
vn::to_chars,2331.2,0.264678,7.89811ms,104880,30,386888,42905.6,Win
jeaiii::to_text,1616.72,0.323173,11.266ms,104880,30,1.19923e+06,61866.7,Loss
fmt::format_to,1212.38,0.185188,14.9699ms,104880,30,700256,82500.3,Loss
std::to_chars,940.107,0.227129,19.241ms,104880,30,1.75185e+06,106394,Loss
