Library,Throughput (MB/s),RSE (%),Time (ms),Bytes Processed,Measured Sample Size,Variance,Mean,Position
vn::to_chars,1904.47,0.138743,95.6831ms,1048066,30,1.59065e+07,524826,Win
jeaiii::to_text,1423.54,0.0761426,127.116ms,1048066,30,8.57459e+06,702131,Loss
fmt::format_to,1052.96,0.571942,170.852ms,1048066,30,8.84255e+08,949239,Loss
std::to_chars,899.081,0.24801,200.138ms,1048066,30,2.28054e+08,1.11171e+06,Loss
