Library,Throughput (MB/s),RSE (%),Time (ms),Bytes Processed,Measured Sample Size,Variance,Mean,Position
vn::to_chars,1753.04,0.0700955,93.1438ms,947821,30,3.91898e+06,515627,Win
jeaiii::to_text,1236.49,0.593274,126.353ms,947821,30,5.64295e+08,731034,Loss
fmt::format_to,963.93,0.0852057,169.566ms,947821,30,1.91523e+07,937737,Loss
std::to_chars,827.053,0.160361,197.128ms,947821,30,9.21524e+07,1.09293e+06,Loss
