Library,Throughput (MB/s),RSE (%),Time (ms),Bytes Processed,Measured Sample Size,Variance,Mean,Position
vn::to_chars,1223.81,0.209384,139.926ms,998200,30,7.95821e+07,777865,Win
jeaiii::to_text,1020.68,0.207345,168.153ms,998200,30,1.12192e+08,932668,Loss
fmt::format_to,802.434,0.0704519,214.048ms,998200,30,2.09568e+07,1.18634e+06,Loss
std::to_chars,700.417,0.0523746,245.07ms,998200,30,1.52014e+07,1.35913e+06,Loss
