Library,Throughput (MB/s),RSE (%),Time (ms),Bytes Processed,Measured Sample Size,Variance,Mean,Position
vn::to_chars,4484.2,0.0856172,76.2688ms,1987983,30,3.93095e+06,422793,Win
jeaiii::to_text,2923.81,0.152458,116.696ms,1987983,30,2.93191e+07,648431,Loss
fmt::format_to,1511.92,0.0603566,226.216ms,1987983,30,1.71847e+07,1.25396e+06,Loss
std::to_chars,1244.57,0.62242,270.604ms,1987983,30,2.69696e+09,1.52333e+06,Loss
