Library,Throughput (MB/s),RSE (%),Time (ms),Bytes Processed,Measured Sample Size,Variance,Mean,Position
vn::to_chars,4440.04,1.91933,8.47309ms,198803,30,2.01507e+07,42700.8,Win
jeaiii::to_text,2998.38,0.262593,11.5131ms,198803,30,827110,63232,Loss
fmt::format_to,1516.38,0.148753,22.636ms,198803,30,1.03773e+06,125030,Loss
std::to_chars,1264.47,0.31505,26.9271ms,198803,30,6.69439e+06,149939,Loss
