Library,Throughput (MB/s),RSE (%),Time (ms),Bytes Processed,Measured Sample Size,Variance,Mean,Position
jeaiii::to_text,695.113,0.13669,63.861ms,257293,30,6.98456e+06,352998,Win
vn::to_chars,644.523,0.604501,68.513ms,257293,30,1.5889e+08,380706,Loss
fmt::format_to,567.558,0.148297,78.462ms,257293,30,1.23316e+07,432333,Loss
std::to_chars,374.923,0.0914134,118.207ms,257293,30,1.07377e+07,654464,Loss
