Library,Throughput (MB/s),RSE (%),Time (ms),Bytes Processed,Measured Sample Size,Variance,Mean,Position
vn::to_chars,5649.37,0.0856932,0.882475ms,10478,30,68.9241,1768.8,Win
jeaiii::to_text,4856.28,0.0890443,0.461872ms,10478,30,100.713,2057.67,Loss
fmt::format_to,3262.96,0.0922351,0.626956ms,10478,30,239.357,3062.43,Loss
std::to_chars,2217.26,0.0242092,4.35693ms,10478,48,57.1379,4506.73,Loss
