Library,Throughput (MB/s),RSE (%),Time (ms),Bytes Processed,Measured Sample Size,Variance,Mean,Position
vn::to_chars,1871.56,1.39476,10.069ms,99759,30,1.50805e+07,50833.2,Tie
jeaiii::to_text,1823.21,0.60369,54.6278ms,99759,48,4.76321e+06,52181.3,Tie
fmt::format_to,1452.05,1.36018,12.5262ms,99759,30,2.38261e+07,65519.3,Loss
std::to_chars,1049.93,0.818158,40.9521ms,99759,30,1.64883e+07,90612.9,Loss
