Library,Throughput (MB/s),RSE (%),Time (ms),Bytes Processed,Measured Sample Size,Variance,Mean,Position
vn::to_chars,2629.39,0.525607,16.3666ms,104940,30,1.20065e+06,38061.5,Win
jeaiii::to_text,2345.97,2.14399,8.63544ms,104940,30,2.50961e+07,42659.9,Loss
fmt::format_to,1726.98,0.57567,11.9563ms,104940,30,3.3387e+06,57950.2,Loss
std::to_chars,1372.2,1.92733,14.0185ms,104940,30,5.92759e+07,72932.8,Loss
