Library,Throughput (MB/s),RSE (%),Time (ms),Bytes Processed,Measured Sample Size,Variance,Mean,Position
vn::to_chars,5988.74,0.821734,133.089ms,1887876,30,1.83088e+08,300634,Win
jeaiii::to_text,3765.52,1.75885,208.389ms,1887876,30,2.12168e+09,478133,Loss
fmt::format_to,2288.96,1.75562,705.389ms,1887876,48,9.15316e+09,786567,Loss
std::to_chars,1884.87,2.21729,175.816ms,1887876,30,1.34571e+10,955197,Loss
