Library,Throughput (MB/s),RSE (%),Time (ms),Bytes Processed,Measured Sample Size,Variance,Mean,Position
vn::to_chars,4106.98,0.681456,8.37911ms,193945,30,2.82559e+06,45035.6,Win
jeaiii::to_text,3408.22,0.530679,24.7802ms,193945,30,2.48821e+06,54268.9,Loss
fmt::format_to,1833.27,0.182565,19.2303ms,193945,30,1.0178e+06,100891,Loss
std::to_chars,1528.89,0.461812,23.3884ms,193945,30,9.36392e+06,120977,Loss
