Library,Throughput (MB/s),RSE (%),Time (ms),Bytes Processed,Measured Sample Size,Variance,Mean,Position
jeaiii::to_text,2362.64,0.946663,36.7758ms,483056,30,1.02214e+08,194984,Tie
vn::to_chars,2294.43,2.0834,37.1982ms,483056,30,5.2494e+08,200781,Tie
fmt::format_to,1624.18,1.38087,54.9424ms,483056,30,4.60203e+08,283637,Loss
std::to_chars,1384.83,0.744949,321.194ms,483056,48,2.94779e+08,332661,Loss
