Library,Throughput (MB/s),RSE (%),Time (ms),Bytes Processed,Measured Sample Size,Variance,Mean,Position
vn::to_chars,6160.54,0.712617,0.08326ms,1936,30,136.838,299.7,Win
jeaiii::to_text,4591.3,0.0529646,0.232756ms,1936,30,1.36092,402.133,Loss
fmt::format_to,2339.57,0.0692943,0.161226ms,1936,30,8.97126,789.167,Loss
std::to_chars,1711.24,0.0536832,0.209723ms,1936,30,10.0644,1078.93,Loss
