Library,Throughput (MB/s),RSE (%),Time (ms),Bytes Processed,Measured Sample Size,Variance,Mean,Position
jeaiii::to_text,1605.06,1.93415,13.6011ms,51583,30,1.05423e+07,30648.9,Tie
vn::to_chars,1541.07,0.945342,6.67601ms,51583,30,2.73191e+06,31921.5,Tie
fmt::format_to,1008.95,0.393685,10.2488ms,51583,30,1.10533e+06,48756.9,Loss
std::to_chars,888.275,0.317053,10.5714ms,51583,30,924922,55380.8,Loss
