Library,Throughput (MB/s),RSE (%),Time (ms),Bytes Processed,Measured Sample Size,Variance,Mean,Position
vn::to_chars,1830.76,1.99271,53.5435ms,565985,30,1.03552e+09,294832,Win
jeaiii::to_text,1606.42,2.04287,306.439ms,565985,48,2.26157e+09,336004,Loss
fmt::format_to,1422.16,2.09436,346.656ms,565985,48,3.03288e+09,379538,Loss
std::to_chars,1201.84,1.45946,413.404ms,565985,48,2.06225e+09,449117,Loss
