Library,Throughput (MB/s),RSE (%),Time (ms),Bytes Processed,Measured Sample Size,Variance,Mean,Position
vn::to_chars,886.825,1.5492,498.991ms,515932,48,3.5462e+09,554823,Tie
jeaiii::to_text,878.324,2.29834,506.58ms,515932,48,7.9569e+09,560193,Tie
fmt::format_to,850.462,1.35883,107.334ms,515932,30,1.85408e+09,578545,Tie
std::to_chars,698.427,2.26261,294.563ms,515932,30,7.62225e+09,704485,Loss
