Library,Throughput (MB/s),RSE (%),Time (ms),Bytes Processed,Measured Sample Size,Variance,Mean,Position
vn::to_chars,5024.04,0.94331,6.55173ms,56623,30,308397,10748.3,Win
jeaiii::to_text,2963.09,0.0629857,7.96871ms,56623,30,3952.76,18224.2,Loss
fmt::format_to,1684.88,0.967691,6.34586ms,56623,30,2.88566e+06,32049.8,Loss
std::to_chars,1556.02,0.597889,6.37693ms,56623,30,1.29157e+06,34703.8,Loss
