Library,Throughput (MB/s),RSE (%),Time (ms),Bytes Processed,Measured Sample Size,Variance,Mean,Position
jeaiii::to_text,1341.53,1.92479,130.065ms,998311,30,5.59782e+09,709685,Tie
vn::to_chars,1333.02,2.31686,127.615ms,998311,30,8.21443e+09,714213,Tie
fmt::format_to,1157.61,2.03379,148.354ms,998311,30,8.39342e+09,822436,Loss
std::to_chars,942.851,2.09951,180.424ms,998311,30,1.34835e+10,1.00977e+06,Loss
