Library,Throughput (MB/s),RSE (%),Time (ms),Bytes Processed,Measured Sample Size,Variance,Mean,Position
vn::to_chars,2217.49,2.47849,81.1383ms,1048370,30,3.74629e+09,450872,Tie
jeaiii::to_text,2112.48,1.54019,88.9146ms,1048370,30,1.59409e+09,473284,Tie
fmt::format_to,1680.17,2.20253,252.901ms,1048370,30,5.15336e+09,595062,Loss
std::to_chars,1315.98,2.0471,672.582ms,1048370,48,1.16104e+10,759740,Loss
