Library,Throughput (MB/s),RSE (%),Time (ms),Bytes Processed,Measured Sample Size,Variance,Mean,Position
fmt::format_to,2835.95,1.54338,7.87232ms,99876,30,8.06109e+06,33586.4,Tie
vn::to_chars,2783.38,0.621919,7.07223ms,99876,30,1.35884e+06,34220.7,Tie
jeaiii::to_text,2115.74,0.100964,23.603ms,99876,30,61980.7,45019.4,Loss
std::to_chars,1189.3,1.03825,15.6153ms,99876,30,2.07427e+07,80088.2,Loss
