Library,Throughput (MB/s),RSE (%),Time (ms),Bytes Processed,Measured Sample Size,Variance,Mean,Position
vn::to_chars,3115.57,1.28865,111.884ms,1937772,30,1.75276e+09,593151,Win
jeaiii::to_text,2429.39,2.06092,141.96ms,1937772,30,7.3732e+09,760686,Loss
fmt::format_to,1891.35,2.29881,883.567ms,1937772,48,2.42165e+10,977084,Loss
std::to_chars,1436.19,1.96887,1185.33ms,1937772,48,3.08078e+10,1.28674e+06,Loss
