Library,Throughput (MB/s),RSE (%),Time (ms),Bytes Processed,Measured Sample Size,Variance,Mean,Position
vn::to_chars,7103.48,0.985733,25.0138ms,188854,48,2.99827e+06,25354.5,Win
jeaiii::to_text,4443.01,1.01574,8.27758ms,188854,30,5.08613e+06,40536.8,Loss
fmt::format_to,2551.46,0.318869,12.8558ms,188854,30,1.51993e+06,70589.2,Loss
std::to_chars,1951.48,0.529364,17.4951ms,188854,30,7.16071e+06,92291.8,Loss
