Library,Throughput (MB/s),RSE (%),Time (ms),Bytes Processed,Measured Sample Size,Variance,Mean,Position
vn::to_chars,5683.25,1.64156,142.116ms,1888021,30,8.11433e+08,316818,Win
jeaiii::to_text,3809.5,2.09606,441.08ms,1888021,48,4.71114e+09,472649,Loss
fmt::format_to,2261.47,2.2162,710.451ms,1888021,48,1.49449e+10,796189,Loss
std::to_chars,1816.71,2.44417,426.092ms,1888021,30,1.76045e+10,991107,Loss
