Library,Throughput (MB/s),RSE (%),Time (ms),Bytes Processed,Measured Sample Size,Variance,Mean,Position
vn::to_chars,1184.5,0.866379,49.0065ms,314600,30,1.44473e+08,253294,Win
jeaiii::to_text,1072.91,1.54937,117.85ms,314600,30,5.63151e+08,279638,Loss
std::to_chars,857.053,1.28611,66.5401ms,314600,30,6.08103e+08,350067,Tie
fmt::format_to,846.019,1.58629,319.594ms,314600,48,1.51902e+09,354633,Tie
