Library,Throughput (MB/s),RSE (%),Time (ms),Bytes Processed,Measured Sample Size,Variance,Mean,Position
vn::to_chars,508.818,1.205,216.992ms,265201,30,1.07627e+09,497064,Tie
jeaiii::to_text,486.565,2.12688,93.274ms,265201,30,3.6667e+09,519798,Tie
fmt::format_to,420.062,2.10221,108.927ms,265201,30,4.80614e+09,602091,Tie
std::to_chars,407.116,1.59303,557.44ms,265201,48,4.70115e+09,621237,Tie
